Workbook

Sheet Customers
A1: CustomerKey | B1: Prefix | C1: FirstName | D1: LastName | E1: FullName | F1: BirthDate | G1: Year of Birth | H1: MaritalStatus | I1: Marital Status Full | J1: Gender | K1: Gender Full | L1: EmailAddress | M1: Username | N1: AnnualIncome | O1: Wealth Category | P1: TotalChildren | Q1: EducationLevel | R1: Occupation | S1: HomeOwner
A2: 13001 | B2: MR. | C2: CLARENCE | D2: ZHANG | E2: =B2 &" "&C2&" "&D2 -> MR. CLARENCE ZHANG | F2: 25452 | G2: =YEAR(F2) -> 1969 | H2: S | I2: =IF(H2="M","Married","Single") -> Single | J2: M | K2: =IF(J2="M","Male","Female") -> Male | L2: clarence37@adventure-works.com | M2: =LEFT(L2,SEARCH("@",L2)-1) -> clarence37 | N2: 130000 | O2: =IF(N2>=150000,"Wealthy",IF(N2>=100000,"Rich",IF(N2>=50000,"Average","Poor"))) -> Rich | P2: 1 | Q2: Graduate Degree | R2: Management | S2: Y
A3: 13002 | B3: MR. | C3: ROGER | D3: CAI | E3: =B3 &" "&C3&" "&D3 -> MR. ROGER CAI | F3: 24706 | G3: =YEAR(F3) -> 1967 | H3: M | I3: =IF(H3="M","Married","Single") -> Married | J3: M | K3: =IF(J3="M","Male","Female") -> Male | L3: roger25@adventure-works.com | M3: =LEFT(L3,SEARCH("@",L3)-1) -> roger25 | N3: 80000 | O3: =IF(N3>=150000,"Wealthy",IF(N3>=100000,"Rich",IF(N3>=50000,"Average","Poor"))) -> Average | P3: 5 | Q3: Graduate Degree | R3: Management | S3: N
A4: 13003 | B4: MRS. | C4: JILL | D4: HERNANDEZ | E4: =B4 &" "&C4&" "&D4 -> MRS. JILL HERNANDEZ | F4: 24492 | G4: =YEAR(F4) -> 1967 | H4: M | I4: =IF(H4="M","Married","Single") -> Married | J4: F | K4: =IF(J4="M","Male","Female") -> Female | L4: jill11@adventure-works.com | M4: =LEFT(L4,SEARCH("@",L4)-1) -> jill11 | N4: 80000 | O4: =IF(N4>=150000,"Wealthy",IF(N4>=100000,"Rich",IF(N4>=50000,"Average","Poor"))) -> Average | P4: 5 | Q4: Graduate Degree | R4: Management | S4: Y
A5: 13004 | B5: MR. | C5: RANDY | D5: CHEN | E5: =B5 &" "&C5&" "&D5 -> MR. RANDY CHEN | F5: 24596 | G5: =YEAR(F5) -> 1967 | H5: M | I5: =IF(H5="M","Married","Single") -> Married | J5: M | K5: =IF(J5="M","Male","Female") -> Male | L5: randy4@adventure-works.com | M5: =LEFT(L5,SEARCH("@",L5)-1) -> randy4 | N5: 80000 | O5: =IF(N5>=150000,"Wealthy",IF(N5>=100000,"Rich",IF(N5>=50000,"Average","Poor"))) -> Average | P5: 5 | Q5: Graduate Degree | R5: Management | S5: N
A6: 13005 | B6: MRS. | C6: DESIREE | D6: ALVAREZ | E6: =B6 &" "&C6&" "&D6 -> MRS. DESIREE ALVAREZ | F6: 24334 | G6: =YEAR(F6) -> 1966 | H6: M | I6: =IF(H6="M","Married","Single") -> Married | J6: F | K6: =IF(J6="M","Male","Female") -> Female | L6: desiree0@adventure-works.com | M6: =LEFT(L6,SEARCH("@",L6)-1) -> desiree0 | N6: 80000 | O6: =IF(N6>=150000,"Wealthy",IF(N6>=100000,"Rich",IF(N6>=50000,"Average","Poor"))) -> Average | P6: 5 | Q6: Graduate Degree | R6: Management | S6: N
A7: 13006 | B7: MS. | C7: WHITNEY | D7: RANA | E7: =B7 &" "&C7&" "&D7 -> MS. WHITNEY RANA | F7: 24218 | G7: =YEAR(F7) -> 1966 | H7: S | I7: =IF(H7="M","Married","Single") -> Single | J7: F | K7: =IF(J7="M","Male","Female") -> Female | L7: whitney10@adventure-works.com | M7: =LEFT(L7,SEARCH("@",L7)-1) -> whitney10 | N7: 90000 | O7: =IF(N7>=150000,"Wealthy",IF(N7>=100000,"Rich",IF(N7>=50000,"Average","Poor"))) -> Average | P7: 0 | Q7: Bachelors | R7: Professional | S7: N
A8: 13007 | B8: MRS. | C8: BROOKE | D8: WARD | E8: =B8 &" "&C8&" "&D8 -> MRS. BROOKE WARD | F8: 24020 | G8: =YEAR(F8) -> 1965 | H8: S | I8: =IF(H8="M","Married","Single") -> Single | J8: F | K8: =IF(J8="M","Male","Female") -> Female | L8: brooke11@adventure-works.com | M8: =LEFT(L8,SEARCH("@",L8)-1) -> brooke11 | N8: 60000 | O8: =IF(N8>=150000,"Wealthy",IF(N8>=100000,"Rich",IF(N8>=50000,"Average","Poor"))) -> Average | P8: 2 | Q8: Bachelors | R8: Professional | S8: N
A9: 13008 | B9: MR. | C9: ALBERTO | D9: MUÑOZ | E9: =B9 &" "&C9&" "&D9 -> MR. ALBERTO MUÑOZ | F9: 23932 | G9: =YEAR(F9) -> 1965 | H9: M | I9: =IF(H9="M","Married","Single") -> Married | J9: M | K9: =IF(J9="M","Male","Female") -> Male | L9: alberto8@adventure-works.com | M9: =LEFT(L9,SEARCH("@",L9)-1) -> alberto8 | N9: 60000 | O9: =IF(N9>=150000,"Wealthy",IF(N9>=100000,"Rich",IF(N9>=50000,"Average","Poor"))) -> Average | P9: 3 | Q9: Bachelors | R9: Professional | S9: Y
A10: 13009 | B10: MRS. | C10: MINDY | D10: SHE | E10: =B10 &" "&C10&" "&D10 -> MRS. MINDY SHE | F10: 23812 | G10: =YEAR(F10) -> 1965 | H10: M | I10: =IF(H10="M","Married","Single") -> Married | J10: F | K10: =IF(J10="M","Male","Female") -> Female | L10: mindy4@adventure-works.com | M10: =LEFT(L10,SEARCH("@",L10)-1) -> mindy4 | N10: 60000 | O10: =IF(N10>=150000,"Wealthy",IF(N10>=100000,"Rich",IF(N10>=50000,"Average","Poor"))) -> Average | P10: 3 | Q10: Bachelors | R10: Professional | S10: Y
A11: 13010 | B11: MRS. | C11: ERICA | D11: YE | E11: =B11 &" "&C11&" "&D11 -> MRS. ERICA YE | F11: 23970 | G11: =YEAR(F11) -> 1965 | H11: M | I11: =IF(H11="M","Married","Single") -> Married | J11: F | K11: =IF(J11="M","Male","Female") -> Female | L11: erica9@adventure-works.com | M11: =LEFT(L11,SEARCH("@",L11)-1) -> erica9 | N11: 60000 | O11: =IF(N11>=150000,"Wealthy",IF(N11>=100000,"Rich",IF(N11>=50000,"Average","Poor"))) -> Average | P11: 3 | Q11: Bachelors | R11: Professional | S11: Y
A12: 13011 | B12: MS. | C12: ANNE | D12: ORTEGA | E12: =B12 &" "&C12&" "&D12 -> MS. ANNE ORTEGA | F12: 23866 | G12: =YEAR(F12) -> 1965 | H12: S | I12: =IF(H12="M","Married","Single") -> Single | J12: F | K12: =IF(J12="M","Male","Female") -> Female | L12: anne22@adventure-works.com | M12: =LEFT(L12,SEARCH("@",L12)-1) -> anne22 | N12: 70000 | O12: =IF(N12>=150000,"Wealthy",IF(N12>=100000,"Rich",IF(N12>=50000,"Average","Poor"))) -> Average | P12: 0 | Q12: Bachelors | R12: Professional | S12: N
A13: 13012 | B13: MS. | C13: KRYSTAL | D13: HU | E13: =B13 &" "&C13&" "&D13 -> MS. KRYSTAL HU | F13: 24009 | G13: =YEAR(F13) -> 1965 | H13: S | I13: =IF(H13="M","Married","Single") -> Single | J13: F | K13: =IF(J13="M","Male","Female") -> Female | L13: krystal20@adventure-works.com | M13: =LEFT(L13,SEARCH("@",L13)-1) -> krystal20 | N13: 70000 | O13: =IF(N13>=150000,"Wealthy",IF(N13>=100000,"Rich",IF(N13>=50000,"Average","Poor"))) -> Average | P13: 0 | Q13: Bachelors | R13: Professional | S13: N
... A137: 13137 | B137: MRS. | C137: JACQUELINE | D137: SIMMONS | E137: =B137 &" "&C137&" "&D137 -> MRS. JACQUELINE SIMMONS | F137: 21955 | G137: =YEAR(F137) -> 1960 | H137: M | I137: =IF(H137="M","Married","Single") -> Married | J137: F | K137: =IF(J137="M","Male","Female") -> Female | L137: jacqueline16@adventure-works.com | M137: =LEFT(L137,SEARCH("@",L137)-1) -> jacqueline16 | N137: 70000 | O137: =IF(N137>=150000,"Wealthy",IF(N137>=100000,"Rich",IF(N137>=50000,"Average","Poor"))) -> Average | P137: 5 | Q137: Partial College | R137: Skilled Manual | S137: N
A138: 13138 | C138: TERESA | D138: ALONSO | E138: =B138 &" "&C138&" "&D138 -> TERESA ALONSO | F138: 22078 | G138: =YEAR(F138) -> 1960 | H138: M | I138: =IF(H138="M","Married","Single") -> Married | J138: NA | K138: =IF(J138="M","Male","Female") -> Female | L138: teresa8@adventure-works.com | M138: =LEFT(L138,SEARCH("@",L138)-1) -> teresa8 | N138: 70000 | O138: =IF(N138>=150000,"Wealthy",IF(N138>=100000,"Rich",IF(N138>=50000,"Average","Poor"))) -> Average | P138: 5 | Q138: Partial College | R138: Skilled Manual | S138: Y
A139: 13139 | B139: MRS. | C139: CARMEN | D139: PEREZ | E139: =B139 &" "&C139&" "&D139 -> MRS. CARMEN PEREZ | F139: 20494 | G139: =YEAR(F139) -> 1956 | H139: S | I139: =IF(H139="M","Married","Single") -> Single | J139: F | K139: =IF(J139="M","Male","Female") -> Female | L139: carmen3@adventure-works.com | M139: =LEFT(L139,SEARCH("@",L139)-1) -> carmen3 | N139: 70000 | O139: =IF(N139>=150000,"Wealthy",IF(N139>=100000,"Rich",IF(N139>=50000,"Average","Poor"))) -> Average | P139: 1 | Q139: Partial College | R139: Skilled Manual | S139: N
A140: 13141 | B140: MR. | C140: WALTER | D140: HERNANDEZ | E140: =B140 &" "&C140&" "&D140 -> MR. WALTER HERNANDEZ | F140: 19640 | G140: =YEAR(F140) -> 1953 | H140: M | I140: =IF(H140="M","Married","Single") -> Married | J140: M | K140: =IF(J140="M","Male","Female") -> Male | L140: walter16@adventure-works.com | M140: =LEFT(L140,SEARCH("@",L140)-1) -> walter16 | N140: 40000 | O140: =IF(N140>=150000,"Wealthy",IF(N140>=100000,"Rich",IF(N140>=50000,"Average","Poor"))) -> Poor | P140: 2 | Q140: Bachelors | R140: Management | S140: Y
A141: 13142 | B141: MR. | C141: XAVIER | D141: MOORE | E141: =B141 &" "&C141&" "&D141 -> MR. XAVIER MOORE | F141: 27476 | G141: =YEAR(F141) -> 1975 | H141: M | I141: =IF(H141="M","Married","Single") -> Married | J141: M | K141: =IF(J141="M","Male","Female") -> Male | L141: xavier6@adventure-works.com | M141: =LEFT(L141,SEARCH("@",L141)-1) -> xavier6 | N141: 40000 | O141: =IF(N141>=150000,"Wealthy",IF(N141>=100000,"Rich",IF(N141>=50000,"Average","Poor"))) -> Poor | P141: 0 | Q141: High School | R141: Skilled Manual | S141: Y
A142: 13143 | B142: MS. | C142: HANNAH | D142: JACKSON | E142: =B142 &" "&C142&" "&D142 -> MS. HANNAH JACKSON | F142: 27431 | G142: =YEAR(F142) -> 1975 | H142: M | I142: =IF(H142="M","Married","Single") -> Married | J142: F | K142: =IF(J142="M","Male","Female") -> Female | L142: hannah11@adventure-works.com | M142: =LEFT(L142,SEARCH("@",L142)-1) -> hannah11 | N142: 40000 | O142: =IF(N142>=150000,"Wealthy",IF(N142>=100000,"Rich",IF(N142>=50000,"Average","Poor"))) -> Poor | P142: 0 | Q142: High School | R142: Skilled Manual | S142: Y
A143: 13144 | B143: MS. | C143: DESTINY | D143: STEWART | E143: =B143 &" "&C143&" "&D143 -> MS. DESTINY STEWART | F143: 27999 | G143: =YEAR(F143) -> 1976 | H143: S | I143: =IF(H143="M","Married","Single") -> Single | J143: F | K143: =IF(J143="M","Male","Female") -> Female | L143: destiny23@adventure-works.com | M143: =LEFT(L143,SEARCH("@",L143)-1) -> destiny23 | N143: 40000 | O143: =IF(N143>=150000,"Wealthy",IF(N143>=100000,"Rich",IF(N143>=50000,"Average","Poor"))) -> Poor | P143: 0 | Q143: High School | R143: Skilled Manual | S143: N
A144: 13145 | B144: MR. | C144: GILBERT | D144: XU | E144: =B144 &" "&C144&" "&D144 -> MR. GILBERT XU | F144: 27781 | G144: =YEAR(F144) -> 1976 | H144: M | I144: =IF(H144="M","Married","Single") -> Married | J144: M | K144: =IF(J144="M","Male","Female") -> Male | L144: gilbert9@adventure-works.com | M144: =LEFT(L144,SEARCH("@",L144)-1) -> gilbert9 | N144: 40000 | O144: =IF(N144>=150000,"Wealthy",IF(N144>=100000,"Rich",IF(N144>=50000,"Average","Poor"))) -> Poor | P144: 0 | Q144: High School | R144: Skilled Manual | S144: Y
A145: 13146 | B145: MS. | C145: GABRIELLA | D145: RAMIREZ | E145: =B145 &" "&C145&" "&D145 -> MS. GABRIELLA RAMIREZ | F145: 27895 | G145: =YEAR(F145) -> 1976 | H145: S | I145: =IF(H145="M","Married","Single") -> Single | J145: F | K145: =IF(J145="M","Male","Female") -> Female | L145: gabriella4@adventure-works.com | M145: =LEFT(L145,SEARCH("@",L145)-1) -> gabriella4 | N145: 40000 | O145: =IF(N145>=150000,"Wealthy",IF(N145>=100000,"Rich",IF(N145>=50000,"Average","Poor"))) -> Poor | P145: 0 | Q145: High School | R145: Skilled Manual | S145: N
A146: 13147 | B146: MR. | C146: CEDRIC | D146: LIN | E146: =B146 &" "&C146&" "&D146 -> MR. CEDRIC LIN | F146: 29456 | G146: =YEAR(F146) -> 1980 | H146: M | I146: =IF(H146="M","Married","Single") -> Married | J146: M | K146: =IF(J146="M","Male","Female") -> Male | L146: cedric8@adventure-works.com | M146: =LEFT(L146,SEARCH("@",L146)-1) -> cedric8 | N146: 30000 | O146: =IF(N146>=150000,"Wealthy",IF(N146>=100000,"Rich",IF(N146>=50000,"Average","Poor"))) -> Poor | P146: 0 | Q146: High School | R146: Skilled Manual | S146: N
A147: 13148 | B147: MR. | C147: TYLER | D147: ANDERSON | E147: =B147 &" "&C147&" "&D147 -> MR. TYLER ANDERSON | F147: 29312 | G147: =YEAR(F147) -> 1980 | H147: M | I147: =IF(H147="M","Married","Single") -> Married | J147: M | K147: =IF(J147="M","Male","Female") -> Male | L147: tyler18@adventure-works.com | M147: =LEFT(L147,SEARCH("@",L147)-1) -> tyler18 | N147: 30000 | O147: =IF(N147>=150000,"Wealthy",IF(N147>=100000,"Rich",IF(N147>=50000,"Average","Poor"))) -> Poor | P147: 0 | Q147: High School | R147: Skilled Manual | S147: Y
A148: 13149 | B148: MRS. | C148: LINDA | D148: FERRIER | E148: =B148 &" "&C148&" "&D148 -> MRS. LINDA FERRIER | F148: 16851 | G148: =YEAR(F148) -> 1946 | H148: M | I148: =IF(H148="M","Married","Single") -> Married | J148: F | K148: =IF(J148="M","Male","Female") -> Female | L148: linda23@adventure-works.com | M148: =LEFT(L148,SEARCH("@",L148)-1) -> linda23 | N148: 10000 | O148: =IF(N148>=150000,"Wealthy",IF(N148>=100000,"Rich",IF(N148>=50000,"Average","Poor"))) -> Poor | P148: 5 | Q148: High School | R148: Skilled Manual | S148: Y
A149: 13150 | B149: MRS. | C149: LACEY | D149: YANG | E149: =B149 &" "&C149&" "&D149 -> MRS. LACEY YANG | F149: 13676 | G149: =YEAR(F149) -> 1937 | H149: S | I149: =IF(H149="M","Married","Single") -> Single | J149: F | K149: =IF(J149="M","Male","Female") -> Female | L149: lacey17@adventure-works.com | M149: =LEFT(L149,SEARCH("@",L149)-1) -> lacey17 | N149: 30000 | O149: =IF(N149>=150000,"Wealthy",IF(N149>=100000,"Rich",IF(N149>=50000,"Average","Poor"))) -> Poor | P149: 2 | Q149: Partial College | R149: Clerical | S149: Y
A150: 13151 | B150: MR. | C150: ETHAN | D150: MOORE | E150: =B150 &" "&C150&" "&D150 -> MR. ETHAN MOORE | F150: 28830 | G150: =YEAR(F150) -> 1978 | H150: S | I150: =IF(H150="M","Married","Single") -> Single | J150: M | K150: =IF(J150="M","Male","Female") -> Male | L150: ethan41@adventure-works.com | M150: =LEFT(L150,SEARCH("@",L150)-1) -> ethan41 | N150: 40000 | O150: =IF(N150>=150000,"Wealthy",IF(N150>=100000,"Rich",IF(N150>=50000,"Average","Poor"))) -> Poor | P150: 0 | Q150: High School | R150: Skilled Manual | S150: Y
... A176: 11024 | B176: MR. | C176: RUSSELL | D176: XIE | E176: =B176 &" "&C176&" "&D176 -> MR. RUSSELL XIE | F176: 28750 | G176: =YEAR(F176) -> 1978 | H176: M | I176: =IF(H176="M","Married","Single") -> Married | J176: M | K176: =IF(J176="M","Male","Female") -> Male | L176: russell7@adventure-works.com | M176: =LEFT(L176,SEARCH("@",L176)-1) -> russell7 | N176: 60000 | O176: =IF(N176>=150000,"Wealthy",IF(N176>=100000,"Rich",IF(N176>=50000,"Average","Poor"))) -> Average | P176: 0 | Q176: Partial College | R176: Skilled Manual | S176: Y
A177: 11025 | C177: ALEJANDRO | D177: BECK | E177: =B177 &" "&C177&" "&D177 -> ALEJANDRO BECK | F177: 16794 | G177: =YEAR(F177) -> 1945 | H177: M | I177: =IF(H177="M","Married","Single") -> Married | J177: NA | K177: =IF(J177="M","Male","Female") -> Female | L177: alejandro45@adventure-works.com | M177: =LEFT(L177,SEARCH("@",L177)-1) -> alejandro45 | N177: 10000 | O177: =IF(N177>=150000,"Wealthy",IF(N177>=100000,"Rich",IF(N177>=50000,"Average","Poor"))) -> Poor | P177: 2 | Q177: Partial High School | R177: Clerical | S177: Y
A178: 11026 | B178: MR. | C178: HAROLD | D178: SAI | E178: =B178 &" "&C178&" "&D178 -> MR. HAROLD SAI | F178: 16895 | G178: =YEAR(F178) -> 1946 | H178: S | I178: =IF(H178="M","Married","Single") -> Single | J178: M | K178: =IF(J178="M","Male","Female") -> Male | L178: harold3@adventure-works.com | M178: =LEFT(L178,SEARCH("@",L178)-1) -> harold3 | N178: 30000 | O178: =IF(N178>=150000,"Wealthy",IF(N178>=100000,"Rich",IF(N178>=50000,"Average","Poor"))) -> Poor | P178: 2 | Q178: Partial College | R178: Clerical | S178: N
A179: 11027 | B179: MR. | C179: JESSIE | D179: ZHAO | E179: =B179 &" "&C179&" "&D179 -> MR. JESSIE ZHAO | F179: 17143 | G179: =YEAR(F179) -> 1946 | H179: M | I179: =IF(H179="M","Married","Single") -> Married | J179: M | K179: =IF(J179="M","Male","Female") -> Male | L179: jessie16@adventure-works.com | M179: =LEFT(L179,SEARCH("@",L179)-1) -> jessie16 | N179: 30000 | O179: =IF(N179>=150000,"Wealthy",IF(N179>=100000,"Rich",IF(N179>=50000,"Average","Poor"))) -> Poor | P179: 2 | Q179: Partial College | R179: Clerical | S179: Y
A180: 11028 | B180: MRS. | C180: JILL | D180: JIMENEZ | E180: =B180 &" "&C180&" "&D180 -> MRS. JILL JIMENEZ | F180: 16903 | G180: =YEAR(F180) -> 1946 | H180: M | I180: =IF(H180="M","Married","Single") -> Married | J180: F | K180: =IF(J180="M","Male","Female") -> Female | L180: jill13@adventure-works.com | M180: =LEFT(L180,SEARCH("@",L180)-1) -> jill13 | N180: 30000 | O180: =IF(N180>=150000,"Wealthy",IF(N180>=100000,"Rich",IF(N180>=50000,"Average","Poor"))) -> Poor | P180: 2 | Q180: Partial College | R180: Clerical | S180: Y
A181: 11029 | B181: MR. | C181: JIMMY | D181: MORENO | E181: =B181 &" "&C181&" "&D181 -> MR. JIMMY MORENO | F181: 17157 | G181: =YEAR(F181) -> 1946 | H181: M | I181: =IF(H181="M","Married","Single") -> Married | J181: M | K181: =IF(J181="M","Male","Female") -> Male | L181: jimmy9@adventure-works.com | M181: =LEFT(L181,SEARCH("@",L181)-1) -> jimmy9 | N181: 30000 | O181: =IF(N181>=150000,"Wealthy",IF(N181>=100000,"Rich",IF(N181>=50000,"Average","Poor"))) -> Poor | P181: 2 | Q181: Partial College | R181: Clerical | S181: Y
A182: 11030 | B182: MRS. | C182: BETHANY | D182: YUAN | E182: =B182 &" "&C182&" "&D182 -> MRS. BETHANY YUAN | F182: 17220 | G182: =YEAR(F182) -> 1947 | H182: M | I182: =IF(H182="M","Married","Single") -> Married | J182: F | K182: =IF(J182="M","Male","Female") -> Female | L182: bethany10@adventure-works.com | M182: =LEFT(L182,SEARCH("@",L182)-1) -> bethany10 | N182: 10000 | O182: =IF(N182>=150000,"Wealthy",IF(N182>=100000,"Rich",IF(N182>=50000,"Average","Poor"))) -> Poor | P182: 2 | Q182: Partial High School | R182: Clerical | S182: Y
A183: 11031 | B183: MRS. | C183: THERESA | D183: RAMOS | E183: =B183 &" "&C183&" "&D183 -> MRS. THERESA RAMOS | F183: 17401 | G183: =YEAR(F183) -> 1947 | H183: M | I183: =IF(H183="M","Married","Single") -> Married | J183: F | K183: =IF(J183="M","Male","Female") -> Female | L183: theresa13@adventure-works.com | M183: =LEFT(L183,SEARCH("@",L183)-1) -> theresa13 | N183: 20000 | O183: =IF(N183>=150000,"Wealthy",IF(N183>=100000,"Rich",IF(N183>=50000,"Average","Poor"))) -> Poor | P183: 4 | Q183: High School | R183: Skilled Manual | S183: Y
A184: 11032 | B184: MRS. | C184: DENISE | D184: STONE | E184: =B184 &" "&C184&" "&D184 -> MRS. DENISE STONE | F184: 17329 | G184: =YEAR(F184) -> 1947 | H184: M | I184: =IF(H184="M","Married","Single") -> Married | J184: F | K184: =IF(J184="M","Male","Female") -> Female | L184: denise10@adventure-works.com | M184: =LEFT(L184,SEARCH("@",L184)-1) -> denise10 | N184: 20000 | O184: =IF(N184>=150000,"Wealthy",IF(N184>=100000,"Rich",IF(N184>=50000,"Average","Poor"))) -> Poor | P184: 4 | Q184: High School | R184: Skilled Manual | S184: Y
A185: 11033 | B185: MR. | C185: JAIME | D185: NATH | E185: =B185 &" "&C185&" "&D185 -> MR. JAIME NATH | F185: 17433 | G185: =YEAR(F185) -> 1947 | H185: M | I185: =IF(H185="M","Married","Single") -> Married | J185: M | K185: =IF(J185="M","Male","Female") -> Male | L185: jaime41@adventure-works.com | M185: =LEFT(L185,SEARCH("@",L185)-1) -> jaime41 | N185: 20000 | O185: =IF(N185>=150000,"Wealthy",IF(N185>=100000,"Rich",IF(N185>=50000,"Average","Poor"))) -> Poor | P185: 4 | Q185: High School | R185: Skilled Manual | S185: Y
A186: 11034 | B186: MRS. | C186: EBONY | D186: GONZALEZ | E186: =B186 &" "&C186&" "&D186 -> MRS. EBONY GONZALEZ | F186: 17337 | G186: =YEAR(F186) -> 1947 | H186: M | I186: =IF(H186="M","Married","Single") -> Married | J186: F | K186: =IF(J186="M","Male","Female") -> Female | L186: ebony19@adventure-works.com | M186: =LEFT(L186,SEARCH("@",L186)-1) -> ebony19 | N186: 20000 | O186: =IF(N186>=150000,"Wealthy",IF(N186>=100000,"Rich",IF(N186>=50000,"Average","Poor"))) -> Poor | P186: 4 | Q186: High School | R186: Skilled Manual | S186: Y
A187: 11035 | C187: WENDY | D187: DOMINGUEZ | E187: =B187 &" "&C187&" "&D187 -> WENDY DOMINGUEZ | F187: 17587 | G187: =YEAR(F187) -> 1948 | H187: M | I187: =IF(H187="M","Married","Single") -> Married | J187: NA | K187: =IF(J187="M","Male","Female") -> Female | L187: wendy12@adventure-works.com | M187: =LEFT(L187,SEARCH("@",L187)-1) -> wendy12 | N187: 10000 | O187: =IF(N187>=150000,"Wealthy",IF(N187>=100000,"Rich",IF(N187>=50000,"Average","Poor"))) -> Poor | P187: 2 | Q187: Partial High School | R187: Clerical | S187: Y
A188: 11036 | B188: MS. | C188: JENNIFER | D188: RUSSELL | E188: =B188 &" "&C188&" "&D188 -> MS. JENNIFER RUSSELL | F188: 28842 | G188: =YEAR(F188) -> 1978 | H188: M | I188: =IF(H188="M","Married","Single") -> Married | J188: F | K188: =IF(J188="M","Male","Female") -> Female | L188: jennifer93@adventure-works.com | M188: =LEFT(L188,SEARCH("@",L188)-1) -> jennifer93 | N188: 60000 | O188: =IF(N188>=150000,"Wealthy",IF(N188>=100000,"Rich",IF(N188>=50000,"Average","Poor"))) -> Average | P188: 0 | Q188: Partial College | R188: Skilled Manual | S188: Y
A189: 11037 | B189: MS. | C189: CHLOE | D189: GARCIA | E189: =B189 &" "&C189&" "&D189 -> MS. CHLOE GARCIA | F189: 28456 | G189: =YEAR(F189) -> 1977 | H189: S | I189: =IF(H189="M","Married","Single") -> Single | J189: F | K189: =IF(J189="M","Male","Female") -> Female | L189: chloe27@adventure-works.com | M189: =LEFT(L189,SEARCH("@",L189)-1) -> chloe27 | N189: 40000 | O189: =IF(N189>=150000,"Wealthy",IF(N189>=100000,"Rich",IF(N189>=50000,"Average","Poor"))) -> Poor | P189: 0 | Q189: Partial High School | R189: Clerical | S189: N
A190: 11038 | B190: MRS. | C190: DIANA | D190: HERNANDEZ | E190: =B190 &" "&C190&" "&D190 -> MRS. DIANA HERNANDEZ | F190: 17615 | G190: =YEAR(F190) -> 1948 | H190: M | I190: =IF(H190="M","Married","Single") -> Married | J190: F | K190: =IF(J190="M","Male","Female") -> Female | L190: diana2@adventure-works.com | M190: =LEFT(L190,SEARCH("@",L190)-1) -> diana2 | N190: 10000 | O190: =IF(N190>=150000,"Wealthy",IF(N190>=100000,"Rich",IF(N190>=50000,"Average","Poor"))) -> Poor | P190: 2 | Q190: Partial High School | R190: Clerical | S190: Y
A191: 11039 | B191: MR. | C191: MARC | D191: MARTIN | E191: =B191 &" "&C191&" "&D191 -> MR. MARC MARTIN | F191: 17884 | G191: =YEAR(F191) -> 1948 | H191: M | I191: =IF(H191="M","Married","Single") -> Married | J191: M | K191: =IF(J191="M","Male","Female") -> Male | L191: marc3@adventure-works.com | M191: =LEFT(L191,SEARCH("@",L191)-1) -> marc3 | N191: 30000 | O191: =IF(N191>=150000,"Wealthy",IF(N191>=100000,"Rich",IF(N191>=50000,"Average","Poor"))) -> Poor | P191: 3 | Q191: Partial College | R191: Clerical | S191: Y
A192: 11040 | B192: MR. | C192: JESSE | D192: MURPHY | E192: =B192 &" "&C192&" "&D192 -> MR. JESSE MURPHY | F192: 28338 | G192: =YEAR(F192) -> 1977 | H192: M | I192: =IF(H192="M","Married","Single") -> Married | J192: M | K192: =IF(J192="M","Male","Female") -> Male | L192: jesse15@adventure-works.com | M192: =LEFT(L192,SEARCH("@",L192)-1) -> jesse15 | N192: 30000 | O192: =IF(N192>=150000,"Wealthy",IF(N192>=100000,"Rich",IF(N192>=50000,"Average","Poor"))) -> Poor | P192: 0 | Q192: Partial College | R192: Skilled Manual | S192: Y
A193: 11041 | B193: MS. | C193: AMANDA | D193: CARTER | E193: =B193 &" "&C193&" "&D193 -> MS. AMANDA CARTER | F193: 28414 | G193: =YEAR(F193) -> 1977 | H193: M | I193: =IF(H193="M","Married","Single") -> Married | J193: F | K193: =IF(J193="M","Male","Female") -> Female | L193: amanda53@adventure-works.com | M193: =LEFT(L193,SEARCH("@",L193)-1) -> amanda53 | N193: 60000 | O193: =IF(N193>=150000,"Wealthy",IF(N193>=100000,"Rich",IF(N193>=50000,"Average","Poor"))) -> Average | P193: 0 | Q193: Partial College | R193: Skilled Manual | S193: Y
A194: 11042 | B194: MS. | C194: MEGAN | D194: SANCHEZ | E194: =B194 &" "&C194&" "&D194 -> MS. MEGAN SANCHEZ | F194: 28289 | G194: =YEAR(F194) -> 1977 | H194: M | I194: =IF(H194="M","Married","Single") -> Married | J194: F | K194: =IF(J194="M","Male","Female") -> Female | L194: megan28@adventure-works.com | M194: =LEFT(L194,SEARCH("@",L194)-1) -> megan28 | N194: 70000 | O194: =IF(N194>=150000,"Wealthy",IF(N194>=100000,"Rich",IF(N194>=50000,"Average","Poor"))) -> Average | P194: 0 | Q194: Partial College | R194: Skilled Manual | S194: Y
A195: 11043 | B195: MR. | C195: NATHAN | D195: SIMMONS | E195: =B195 &" "&C195&" "&D195 -> MR. NATHAN SIMMONS | F195: 27814 | G195: =YEAR(F195) -> 1976 | H195: M | I195: =IF(H195="M","Married","Single") -> Married | J195: M | K195: =IF(J195="M","Male","Female") -> Male | L195: nathan11@adventure-works.com | M195: =LEFT(L195,SEARCH("@",L195)-1) -> nathan11 | N195: 60000 | O195: =IF(N195>=150000,"Wealthy",IF(N195>=100000,"Rich",IF(N195>=50000,"Average","Poor"))) -> Average | P195: 0 | Q195: Partial College | R195: Skilled Manual | S195: Y
A196: 11044 | B196: MR. | C196: ADAM | D196: FLORES | E196: =B196 &" "&C196&" "&D196 -> MR. ADAM FLORES | F196: 18042 | G196: =YEAR(F196) -> 1949 | H196: M | I196: =IF(H196="M","Married","Single") -> Married | J196: M | K196: =IF(J196="M","Male","Female") -> Male | L196: adam10@adventure-works.com | M196: =LEFT(L196,SEARCH("@",L196)-1) -> adam10 | N196: 20000 | O196: =IF(N196>=150000,"Wealthy",IF(N196>=100000,"Rich",IF(N196>=50000,"Average","Poor"))) -> Poor | P196: 2 | Q196: Partial High School | R196: Clerical | S196: Y
A197: 11045 | B197: MR. | C197: LEONARD | D197: NARA | E197: =B197 &" "&C197&" "&D197 -> MR. LEONARD NARA | F197: 18402 | G197: =YEAR(F197) -> 1950 | H197: S | I197: =IF(H197="M","Married","Single") -> Single | J197: M | K197: =IF(J197="M","Male","Female") -> Male | L197: leonard18@adventure-works.com | M197: =LEFT(L197,SEARCH("@",L197)-1) -> leonard18 | N197: 30000 | O197: =IF(N197>=150000,"Wealthy",IF(N197>=100000,"Rich",IF(N197>=50000,"Average","Poor"))) -> Poor | P197: 3 | Q197: High School | R197: Skilled Manual | S197: N
A198: 11046 | B198: MRS. | C198: CHRISTINE | D198: YUAN | E198: =B198 &" "&C198&" "&D198 -> MRS. CHRISTINE YUAN | F198: 18344 | G198: =YEAR(F198) -> 1950 | H198: M | I198: =IF(H198="M","Married","Single") -> Married | J198: F | K198: =IF(J198="M","Male","Female") -> Female | L198: christine4@adventure-works.com | M198: =LEFT(L198,SEARCH("@",L198)-1) -> christine4 | N198: 30000 | O198: =IF(N198>=150000,"Wealthy",IF(N198>=100000,"Rich",IF(N198>=50000,"Average","Poor"))) -> Poor | P198: 3 | Q198: High School | R198: Skilled Manual | S198: Y
A199: 11047 | B199: MRS. | C199: JACLYN | D199: LU | E199: =B199 &" "&C199&" "&D199 -> MRS. JACLYN LU | F199: 18321 | G199: =YEAR(F199) -> 1950 | H199: M | I199: =IF(H199="M","Married","Single") -> Married | J199: F | K199: =IF(J199="M","Male","Female") -> Female | L199: jaclyn12@adventure-works.com | M199: =LEFT(L199,SEARCH("@",L199)-1) -> jaclyn12 | N199: 30000 | O199: =IF(N199>=150000,"Wealthy",IF(N199>=100000,"Rich",IF(N199>=50000,"Average","Poor"))) -> Poor | P199: 3 | Q199: High School | R199: Skilled Manual | S199: N
... A233: 11081 | B233: MRS. | C233: SAVANNAH | D233: BAKER | E233: =B233 &" "&C233&" "&D233 -> MRS. SAVANNAH BAKER | F233: 24312 | G233: =YEAR(F233) -> 1966 | H233: M | I233: =IF(H233="M","Married","Single") -> Married | J233: F | K233: =IF(J233="M","Male","Female") -> Female | L233: savannah39@adventure-works.com | M233: =LEFT(L233,SEARCH("@",L233)-1) -> savannah39 | N233: 120000 | O233: =IF(N233>=150000,"Wealthy",IF(N233>=100000,"Rich",IF(N233>=50000,"Average","Poor"))) -> Rich | P233: 2 | Q233: Bachelors | R233: Management | S233: Y
A234: 11082 | C234: ANGELA | D234: BUTLER | E234: =B234 &" "&C234&" "&D234 -> ANGELA BUTLER | F234: 24323 | G234: =YEAR(F234) -> 1966 | H234: S | I234: =IF(H234="M","Married","Single") -> Single | J234: NA | K234: =IF(J234="M","Male","Female") -> Female | L234: angela17@adventure-works.com | M234: =LEFT(L234,SEARCH("@",L234)-1) -> angela17 | N234: 130000 | O234: =IF(N234>=150000,"Wealthy",IF(N234>=100000,"Rich",IF(N234>=50000,"Average","Poor"))) -> Rich | P234: 0 | Q234: Graduate Degree | R234: Management | S234: N
A235: 11083 | B235: MS. | C235: ALYSSA | D235: COX | E235: =B235 &" "&C235&" "&D235 -> MS. ALYSSA COX | F235: 24181 | G235: =YEAR(F235) -> 1966 | H235: M | I235: =IF(H235="M","Married","Single") -> Married | J235: F | K235: =IF(J235="M","Male","Female") -> Female | L235: alyssa37@adventure-works.com | M235: =LEFT(L235,SEARCH("@",L235)-1) -> alyssa37 | N235: 130000 | O235: =IF(N235>=150000,"Wealthy",IF(N235>=100000,"Rich",IF(N235>=50000,"Average","Poor"))) -> Rich | P235: 0 | Q235: Graduate Degree | R235: Management | S235: Y
A236: 11084 | B236: MR. | C236: LUCAS | D236: PHILLIPS | E236: =B236 &" "&C236&" "&D236 -> MR. LUCAS PHILLIPS | F236: 21075 | G236: =YEAR(F236) -> 1957 | H236: S | I236: =IF(H236="M","Married","Single") -> Single | J236: M | K236: =IF(J236="M","Male","Female") -> Male | L236: lucas7@adventure-works.com | M236: =LEFT(L236,SEARCH("@",L236)-1) -> lucas7 | N236: 80000 | O236: =IF(N236>=150000,"Wealthy",IF(N236>=100000,"Rich",IF(N236>=50000,"Average","Poor"))) -> Average | P236: 2 | Q236: Partial High School | R236: Skilled Manual | S236: N
A237: 11085 | B237: MRS. | C237: EMILY | D237: JOHNSON | E237: =B237 &" "&C237&" "&D237 -> MRS. EMILY JOHNSON | F237: 21020 | G237: =YEAR(F237) -> 1957 | H237: S | I237: =IF(H237="M","Married","Single") -> Single | J237: F | K237: =IF(J237="M","Male","Female") -> Female | L237: emily1@adventure-works.com | M237: =LEFT(L237,SEARCH("@",L237)-1) -> emily1 | N237: 60000 | O237: =IF(N237>=150000,"Wealthy",IF(N237>=100000,"Rich",IF(N237>=50000,"Average","Poor"))) -> Average | P237: 2 | Q237: High School | R237: Professional | S237: N
A238: 11086 | B238: MR. | C238: RYAN | D238: BROWN | E238: =B238 &" "&C238&" "&D238 -> MR. RYAN BROWN | F238: 21177 | G238: =YEAR(F238) -> 1957 | H238: M | I238: =IF(H238="M","Married","Single") -> Married | J238: M | K238: =IF(J238="M","Male","Female") -> Male | L238: ryan43@adventure-works.com | M238: =LEFT(L238,SEARCH("@",L238)-1) -> ryan43 | N238: 70000 | O238: =IF(N238>=150000,"Wealthy",IF(N238>=100000,"Rich",IF(N238>=50000,"Average","Poor"))) -> Average | P238: 2 | Q238: Partial College | R238: Professional | S238: Y
A239: 11087 | B239: MRS. | C239: TAMARA | D239: LIANG | E239: =B239 &" "&C239&" "&D239 -> MRS. TAMARA LIANG | F239: 21096 | G239: =YEAR(F239) -> 1957 | H239: M | I239: =IF(H239="M","Married","Single") -> Married | J239: F | K239: =IF(J239="M","Male","Female") -> Female | L239: tamara6@adventure-works.com | M239: =LEFT(L239,SEARCH("@",L239)-1) -> tamara6 | N239: 70000 | O239: =IF(N239>=150000,"Wealthy",IF(N239>=100000,"Rich",IF(N239>=50000,"Average","Poor"))) -> Average | P239: 3 | Q239: Partial College | R239: Professional | S239: N
A240: 11089 | B240: MRS. | C240: ABIGAIL | D240: PRICE | E240: =B240 &" "&C240&" "&D240 -> MRS. ABIGAIL PRICE | F240: 20856 | G240: =YEAR(F240) -> 1957 | H240: S | I240: =IF(H240="M","Married","Single") -> Single | J240: F | K240: =IF(J240="M","Male","Female") -> Female | L240: abigail25@adventure-works.com | M240: =LEFT(L240,SEARCH("@",L240)-1) -> abigail25 | N240: 80000 | O240: =IF(N240>=150000,"Wealthy",IF(N240>=100000,"Rich",IF(N240>=50000,"Average","Poor"))) -> Average | P240: 2 | Q240: Bachelors | R240: Management | S240: Y
A241: 11090 | B241: MR. | C241: TREVOR | D241: BRYANT | E241: =B241 &" "&C241&" "&D241 -> MR. TREVOR BRYANT | F241: 21171 | G241: =YEAR(F241) -> 1957 | H241: S | I241: =IF(H241="M","Married","Single") -> Single | J241: M | K241: =IF(J241="M","Male","Female") -> Male | L241: trevor18@adventure-works.com | M241: =LEFT(L241,SEARCH("@",L241)-1) -> trevor18 | N241: 90000 | O241: =IF(N241>=150000,"Wealthy",IF(N241>=100000,"Rich",IF(N241>=50000,"Average","Poor"))) -> Average | P241: 2 | Q241: Partial College | R241: Professional | S241: Y
A242: 11091 | B242: MR. | C242: DALTON | D242: PEREZ | E242: =B242 &" "&C242&" "&D242 -> MR. DALTON PEREZ | F242: 20914 | G242: =YEAR(F242) -> 1957 | H242: M | I242: =IF(H242="M","Married","Single") -> Married | J242: M | K242: =IF(J242="M","Male","Female") -> Male | L242: dalton37@adventure-works.com | M242: =LEFT(L242,SEARCH("@",L242)-1) -> dalton37 | N242: 90000 | O242: =IF(N242>=150000,"Wealthy",IF(N242>=100000,"Rich",IF(N242>=50000,"Average","Poor"))) -> Average | P242: 2 | Q242: Partial College | R242: Professional | S242: Y
A243: 11092 | B243: MRS. | C243: CHERYL | D243: DIAZ | E243: =B243 &" "&C243&" "&D243 -> MRS. CHERYL DIAZ | F243: 24598 | G243: =YEAR(F243) -> 1967 | H243: M | I243: =IF(H243="M","Married","Single") -> Married | J243: F | K243: =IF(J243="M","Male","Female") -> Female | L243: cheryl4@adventure-works.com | M243: =LEFT(L243,SEARCH("@",L243)-1) -> cheryl4 | N243: 90000 | O243: =IF(N243>=150000,"Wealthy",IF(N243>=100000,"Rich",IF(N243>=50000,"Average","Poor"))) -> Average | P243: 2 | Q243: Bachelors | R243: Professional | S243: Y
A244: 11093 | B244: MS. | C244: AIMEE | D244: HE | E244: =B244 &" "&C244&" "&D244 -> MS. AIMEE HE | F244: 24725 | G244: =YEAR(F244) -> 1967 | H244: M | I244: =IF(H244="M","Married","Single") -> Married | J244: F | K244: =IF(J244="M","Male","Female") -> Female | L244: aimee13@adventure-works.com | M244: =LEFT(L244,SEARCH("@",L244)-1) -> aimee13 | N244: 100000 | O244: =IF(N244>=150000,"Wealthy",IF(N244>=100000,"Rich",IF(N244>=50000,"Average","Poor"))) -> Rich | P244: 0 | Q244: Graduate Degree | R244: Management | S244: Y
A245: 11094 | B245: MR. | C245: CEDRIC | D245: MA | E245: =B245 &" "&C245&" "&D245 -> MR. CEDRIC MA | F245: 22737 | G245: =YEAR(F245) -> 1962 | H245: S | I245: =IF(H245="M","Married","Single") -> Single | J245: M | K245: =IF(J245="M","Male","Female") -> Male | L245: cedric15@adventure-works.com | M245: =LEFT(L245,SEARCH("@",L245)-1) -> cedric15 | N245: 70000 | O245: =IF(N245>=150000,"Wealthy",IF(N245>=100000,"Rich",IF(N245>=50000,"Average","Poor"))) -> Average | P245: 1 | Q245: Partial College | R245: Skilled Manual | S245: N
A246: 11095 | B246: MR. | C246: CHAD | D246: KUMAR | E246: =B246 &" "&C246&" "&D246 -> MR. CHAD KUMAR | F246: 22890 | G246: =YEAR(F246) -> 1962 | H246: S | I246: =IF(H246="M","Married","Single") -> Single | J246: M | K246: =IF(J246="M","Male","Female") -> Male | L246: chad9@adventure-works.com | M246: =LEFT(L246,SEARCH("@",L246)-1) -> chad9 | N246: 70000 | O246: =IF(N246>=150000,"Wealthy",IF(N246>=100000,"Rich",IF(N246>=50000,"Average","Poor"))) -> Average | P246: 1 | Q246: Partial College | R246: Skilled Manual | S246: Y
... A328: 11178 | B328: MR. | C328: NATHAN | D328: JOHNSON | E328: =B328 &" "&C328&" "&D328 -> MR. NATHAN JOHNSON | F328: 15942 | G328: =YEAR(F328) -> 1943 | H328: M | I328: =IF(H328="M","Married","Single") -> Married | J328: M | K328: =IF(J328="M","Male","Female") -> Male | L328: nathan55@adventure-works.com | M328: =LEFT(L328,SEARCH("@",L328)-1) -> nathan55 | N328: 100000 | O328: =IF(N328>=150000,"Wealthy",IF(N328>=100000,"Rich",IF(N328>=50000,"Average","Poor"))) -> Rich | P328: 2 | Q328: Graduate Degree | R328: Management | S328: Y
E329: =B329 &" "&C329&" "&D329
E330: =B330 &" "&C330&" "&D330
E331: =B331 &" "&C331&" "&D331
E332: =B332 &" "&C332&" "&D332
E333: =B333 &" "&C333&" "&D333
E334: =B334 &" "&C334&" "&D334
E335: =B335 &" "&C335&" "&D335
E336: =B336 &" "&C336&" "&D336
E337: =B337 &" "&C337&" "&D337
E338: =B338 &" "&C338&" "&D338
E339: =B339 &" "&C339&" "&D339
E340: =B340 &" "&C340&" "&D340
... E490: =B490 &" "&C490&" "&D490

Sheet Sheet1
A1: How many customers fall into each wealth category (Rich, Average, Poor), grouped by their marital status (Single, Married)?
A3: Count of Wealth Category | B3: Column Labels
A4: Row Labels | B4: M | C4: S | D4: Grand Total
A5: Average | B5: 73 | C5: 83 | D5: 156
A6: Poor | B6: 74 | C6: 67 | D6: 141
A7: Rich | B7: 13 | C7: 15 | D7: 28
A8: Wealthy | B8: 1 | C8: 1 | D8: 2
A9: Grand Total | B9: 161 | C9: 166 | D9: 327
A12: How many male vs. female customers own a home versus those who don’t?
A14: Count of HomeOwner | B14: Column Labels
A15: Row Labels | B15: N | C15: Y | D15: (blank) | E15: Grand Total
A16: Female | B16: 67 | C16: 93 | E16: 160
A17: Male | B17: 61 | C17: 106 | E17: 167
A18: (blank)
A19: Grand Total | B19: 128 | C19: 199 | E19: 327
A22: Which occupations contribute the highest total annual income?
B24: Column Labels
B25: Clerical | D25: Management | F25: Professional | H25: Skilled Manual | J25: Total Count of Occupation | K25: Total Sum of AnnualIncome
A26: Row Labels | B26: Count of Occupation | C26: Sum of AnnualIncome | D26: Count of Occupation | E26: Sum of AnnualIncome | F26: Count of Occupation | G26: Sum of AnnualIncome | H26: Count of Occupation | I26: Sum of AnnualIncome
A27: 10000 | B27: 7 | C27: 70000 | H27: 4 | I27: 40000 | J27: 11 | K27: 110000
A28: 20000 | B28: 2 | C28: 40000 | H28: 7 | I28: 140000 | J28: 9 | K28: 180000
A29: 30000 | B29: 18 | C29: 540000 | F29: 1 | G29: 30000 | H29: 37 | I29: 1110000 | J29: 56 | K29: 1680000
A30: 40000 | B30: 5 | C30: 200000 | D30: 6 | E30: 240000 | F30: 1 | G30: 40000 | H30: 53 | I30: 2120000 | J30: 65 | K30: 2600000
A31: 50000 | D31: 1 | E31: 50000 | J31: 1 | K31: 50000
A32: 60000 | D32: 2 | E32: 120000 | F32: 29 | G32: 1740000 | H32: 22 | I32: 1320000 | J32: 53 | K32: 3180000
A33: 70000 | D33: 1 | E33: 70000 | F33: 30 | G33: 2100000 | H33: 21 | I33: 1470000 | J33: 52 | K33: 3640000
A34: 80000 | D34: 8 | E34: 640000 | F34: 11 | G34: 880000 | H34: 17 | I34: 1360000 | J34: 36 | K34: 2880000
A35: 90000 | D35: 3 | E35: 270000 | F35: 11 | G35: 990000 | J35: 14 | K35: 1260000
A36: 100000 | D36: 9 | E36: 900000 | F36: 3 | G36: 300000 | J36: 12 | K36: 1200000
A37: 110000 | D37: 7 | E37: 770000 | J37: 7 | K37: 770000
A38: 120000 | D38: 2 | E38: 240000 | J38: 2 | K38: 240000
A39: 130000 | D39: 7 | E39: 910000 | J39: 7 | K39: 910000
A40: 160000 | D40: 1 | E40: 160000 | J40: 1 | K40: 160000
A41: 170000 | D41: 1 | E41: 170000 | J41: 1 | K41: 170000
A42: Grand Total | B42: 32 | C42: 850000 | D42: 48 | E42: 4540000 | F42: 86 | G42: 6080000 | H42: 161 | I42: 7560000 | J42: 327 | K42: 19030000
A45: What is the average number of children per customer, grouped by wealth category?
A47: Row Labels | B47: Count of BirthDate
A48: Female | B48: 160
A49: Male | B49: 167
A50: (blank)
A51: Grand Total | B51: 327
A55: Age Group by Gender
A57: Count of BirthDate | B57: Column Labels
A58: Row Labels | B58: Female | C58: Male | D58: Grand Total
A59: 1934 | B59: 1 | D59: 1
A60: 1935 | C60: 1 | D60: 1
A61: 1936 | B61: 1 | D61: 1
A62: 1937 | B62: 1 | D62: 1
A63: 1938 | B63: 1 | D63: 1
A64: 1939 | B64: 1 | C64: 1 | D64: 2
A65: 1941 | C65: 3 | D65: 3
A66: 1942 | B66: 1 | C66: 1 | D66: 2
A67: 1943 | C67: 1 | D67: 1
A68: 1944 | B68: 1 | C68: 2 | D68: 3
A69: 1945 | B69: 1 | C69: 1 | D69: 2
A70: 1946 | B70: 3 | C70: 4 | D70: 7
A71: 1947 | B71: 5 | C71: 4 | D71: 9
A72: 1948 | B72: 3 | C72: 1 | D72: 4
A73: 1949 | B73: 1 | C73: 2 | D73: 3
A74: 1950 | B74: 4 | C74: 4 | D74: 8
A75: 1951 | B75: 2 | C75: 4 | D75: 6
A76: 1952 | B76: 5 | C76: 3 | D76: 8
A77: 1953 | B77: 2 | C77: 3 | D77: 5
A78: 1954 | B78: 1 | C78: 4 | D78: 5
A79: 1955 | B79: 4 | C79: 3 | D79: 7
... A81: 1957 | B81: 9 | C81: 17 | D81: 26
A82: 1958 | C82: 1 | D82: 1
A83: 1959 | B83: 4 | C83: 6 | D83: 10
A84: 1960 | B84: 4 | C84: 3 | D84: 7
A85: 1961 | B85: 4 | C85: 2 | D85: 6
A86: 1962 | B86: 7 | C86: 8 | D86: 15
A87: 1963 | B87: 1 | C87: 5 | D87: 6
A88: 1964 | B88: 8 | C88: 8 | D88: 16
A89: 1965 | B89: 10 | C89: 5 | D89: 15
A90: 1966 | B90: 7 | C90: 5 | D90: 12
A91: 1967 | B91: 5 | C91: 4 | D91: 9
A92: 1968 | B92: 6 | C92: 6 | D92: 12
A93: 1969 | C93: 1 | D93: 1
A94: 1972 | B94: 2 | D94: 2
A95: 1973 | B95: 6 | C95: 1 | D95: 7
A96: 1974 | B96: 7 | C96: 13 | D96: 20
A97: 1975 | B97: 9 | C97: 11 | D97: 20
A98: 1976 | B98: 7 | C98: 6 | D98: 13
A99: 1977 | B99: 6 | C99: 8 | D99: 14
A100: 1978 | B100: 6 | C100: 6 | D100: 12
A101: 1979 | B101: 3 | C101: 5 | D101: 8
A102: 1980 | B102: 7 | C102: 2 | D102: 9
A103: Grand Total | B103: 160 | C103: 167 | D103: 327

Sheet Dashboard
J37: Row Labels | K37: Count of BirthDate
J38: Female | K38: 160
J39: Male | K39: 167
J40: Grand Total | K40: 327

Sheet Summary
A1: Customer Summary
A2: Total Customers | B2: =COUNTA(Customers!A2:A328) -> 327
A3: 1956 | B3: =COUNTIF(Customers!G2:G328,"1956") -> 6
A4: Single | B4: =COUNTIF(Customers!I2:I328,"single") -> 166
A5: Female | B5: =COUNTIF(Customers!K2:K328,"female") -> 160
A6: Total Annual Income | B6: =SUM(Customers!N2:N328) -> 19030000
A7: Average Annual Income | B7: =AVERAGE(Customers!N2:N32) -> 56451.613
A8: Rich | B8: =COUNTIF(Customers!O2:O328,"rich") -> 28
A9: High School | B9: =COUNTIF(Customers!Q2:Q328,"High School") -> 98
A10: Male Bachelors | B10: =COUNTIF(Customers!Q2:Q328,"Bachelors") -> 78
A11: Graduate Degree | B11: =COUNTIF(Customers!Q2:Q328,"Graduate Degree") -> 26
A12: Professional (90000) | B12: =COUNTIFS(Customers!R2:R328,"Professional",Customers!N2:N328,">90000") -> 3
A13: Clerical | B13: =COUNTIF(Customers!R2:R328,"Clerical") -> 32
